# t,v,stimulus
0.000000000000000000e+00 -6.963232023162765927e+01 0.000000000000000000e+00
2.500000000000000000e-01 -7.013982202616703887e+01 0.000000000000000000e+00
5.000000000000000000e-01 -6.890020802230014851e+01 0.000000000000000000e+00
7.500000000000000000e-01 -6.946729606396920076e+01 0.000000000000000000e+00
1.000000000000000000e+00 -6.838790189384459950e+01 0.000000000000000000e+00
1.250000000000000000e+00 -6.917891700488621609e+01 0.000000000000000000e+00
1.500000000000000000e+00 -6.846718365687624441e+01 0.000000000000000000e+00
1.750000000000000000e+00 -6.769800510913221103e+01 0.000000000000000000e+00
2.000000000000000000e+00 -6.824032452411501026e+01 0.000000000000000000e+00
2.250000000000000000e+00 -6.774435983349532364e+01 0.000000000000000000e+00
2.500000000000000000e+00 -6.812780549344971348e+01 0.000000000000000000e+00
2.750000000000000000e+00 -6.808157299900220494e+01 0.000000000000000000e+00
3.000000000000000000e+00 -6.757105603494113666e+01 0.000000000000000000e+00
3.250000000000000000e+00 -6.761466359720071750e+01 0.000000000000000000e+00
3.500000000000000000e+00 -6.656870174656847894e+01 0.000000000000000000e+00
3.750000000000000000e+00 -6.601903882059795592e+01 0.000000000000000000e+00
4.000000000000000000e+00 -6.637814503426211843e+01 0.000000000000000000e+00
4.250000000000000000e+00 -6.651978684451232482e+01 0.000000000000000000e+00
4.500000000000000000e+00 -6.676493922448844387e+01 0.000000000000000000e+00
4.750000000000000000e+00 -6.631217068724585317e+01 0.000000000000000000e+00
5.000000000000000000e+00 -6.626182136156080560e+01 0.000000000000000000e+00
5.250000000000000000e+00 -6.633120652308815579e+01 0.000000000000000000e+00
5.500000000000000000e+00 -6.582695512968261653e+01 0.000000000000000000e+00
5.750000000000000000e+00 -6.639060767869260360e+01 0.000000000000000000e+00
6.000000000000000000e+00 -6.551270666396450792e+01 0.000000000000000000e+00
6.250000000000000000e+00 -6.573653245217012397e+01 0.000000000000000000e+00
6.500000000000000000e+00 -6.577447224579529461e+01 0.000000000000000000e+00
6.750000000000000000e+00 -6.586017117195734727e+01 0.000000000000000000e+00
7.000000000000000000e+00 -6.617926919501677219e+01 0.000000000000000000e+00
7.250000000000000000e+00 -6.420616420680927661e+01 0.000000000000000000e+00
7.500000000000000000e+00 -6.424644133045966043e+01 0.000000000000000000e+00
7.750000000000000000e+00 -6.581481484412921645e+01 0.000000000000000000e+00
8.000000000000000000e+00 -6.476056955805378834e+01 0.000000000000000000e+00
8.250000000000000000e+00 -6.555907553525408105e+01 0.000000000000000000e+00
8.500000000000000000e+00 -6.540879300928048679e+01 0.000000000000000000e+00
8.750000000000000000e+00 -6.469116113758565234e+01 0.000000000000000000e+00
9.000000000000000000e+00 -6.563200947668583751e+01 0.000000000000000000e+00
9.250000000000000000e+00 -6.469261845042731807e+01 0.000000000000000000e+00
9.500000000000000000e+00 -6.471824696310876845e+01 0.000000000000000000e+00
9.750000000000000000e+00 -6.536373600318967192e+01 0.000000000000000000e+00
1.000000000000000000e+01 -6.523529210901266140e+01 1.000000000000000021e-02
1.025000000000000000e+01 -6.037862247548497407e+01 1.000000000000000021e-02
1.050000000000000000e+01 -5.869895450574612994e+01 1.000000000000000021e-02
1.075000000000000000e+01 -5.367065789228811212e+01 1.000000000000000021e-02
1.100000000000000000e+01 -4.527412242500924577e+01 1.000000000000000021e-02
1.125000000000000000e+01 -1.938164460883763596e+01 1.000000000000000021e-02
1.150000000000000000e+01 4.116796950557249346e+01 1.000000000000000021e-02
1.175000000000000000e+01 4.094489664119625161e+01 1.000000000000000021e-02
1.200000000000000000e+01 3.267481289432465275e+01 1.000000000000000021e-02
1.225000000000000000e+01 2.072353984239665081e+01 1.000000000000000021e-02
1.250000000000000000e+01 1.013312728479533398e+01 1.000000000000000021e-02
1.275000000000000000e+01 -2.411532140308004113e+00 1.000000000000000021e-02
1.300000000000000000e+01 -1.356475592628770599e+01 1.000000000000000021e-02
1.325000000000000000e+01 -2.286234840355503550e+01 1.000000000000000021e-02
1.350000000000000000e+01 -3.475801399616013754e+01 1.000000000000000021e-02
1.375000000000000000e+01 -4.542903302593666837e+01 1.000000000000000021e-02
1.400000000000000000e+01 -5.975193910449404910e+01 1.000000000000000021e-02
1.425000000000000000e+01 -7.142565992486072446e+01 1.000000000000000021e-02
1.450000000000000000e+01 -7.487404976782431731e+01 1.000000000000000021e-02
1.475000000000000000e+01 -7.487601323364866346e+01 1.000000000000000021e-02
1.500000000000000000e+01 -7.501609465763353057e+01 1.000000000000000021e-02
1.525000000000000000e+01 -7.424388135770196584e+01 1.000000000000000021e-02
1.550000000000000000e+01 -7.342541923871824849e+01 1.000000000000000021e-02
1.575000000000000000e+01 -7.298123540446292168e+01 1.000000000000000021e-02
1.600000000000000000e+01 -7.320088012946129652e+01 1.000000000000000021e-02
1.625000000000000000e+01 -7.260167738017034367e+01 1.000000000000000021e-02
1.650000000000000000e+01 -7.134089649992453985e+01 1.000000000000000021e-02
1.675000000000000000e+01 -7.282775559305868285e+01 1.000000000000000021e-02
1.700000000000000000e+01 -7.152784306013329285e+01 1.000000000000000021e-02
1.725000000000000000e+01 -7.064473631484841576e+01 1.000000000000000021e-02
1.750000000000000000e+01 -6.964574656812106923e+01 1.000000000000000021e-02
1.775000000000000000e+01 -6.959971343220037454e+01 1.000000000000000021e-02
1.800000000000000000e+01 -6.866485085173734149e+01 1.000000000000000021e-02
1.825000000000000000e+01 -6.810250729276246773e+01 1.000000000000000021e-02
1.850000000000000000e+01 -6.723227945552190477e+01 1.000000000000000021e-02
1.875000000000000000e+01 -6.740916136146358895e+01 1.000000000000000021e-02
1.900000000000000000e+01 -6.677699768895445231e+01 1.000000000000000021e-02
1.925000000000000000e+01 -6.615552634451007918e+01 1.000000000000000021e-02
1.950000000000000000e+01 -6.493155030148896856e+01 1.000000000000000021e-02
1.975000000000000000e+01 -6.342605659166672183e+01 1.000000000000000021e-02
2.000000000000000000e+01 -6.375242360376176975e+01 1.000000000000000021e-02
2.025000000000000000e+01 -6.149026478388729799e+01 1.000000000000000021e-02
2.050000000000000000e+01 -6.138384693244908874e+01 1.000000000000000021e-02
2.075000000000000000e+01 -6.077080034823518417e+01 1.000000000000000021e-02
2.100000000000000000e+01 -6.120350192062326755e+01 1.000000000000000021e-02
2.125000000000000000e+01 -5.859595670535515666e+01 1.000000000000000021e-02
2.150000000000000000e+01 -5.931442697173025635e+01 1.000000000000000021e-02
2.175000000000000000e+01 -5.715401569013662453e+01 1.000000000000000021e-02
2.200000000000000000e+01 -5.629559346078853821e+01 1.000000000000000021e-02
2.225000000000000000e+01 -5.467133434122798974e+01 1.000000000000000021e-02
2.250000000000000000e+01 -5.404753564094576745e+01 1.000000000000000021e-02
2.275000000000000000e+01 -4.991683520520200545e+01 1.000000000000000021e-02
2.300000000000000000e+01 -4.498223846979785634e+01 1.000000000000000021e-02
2.325000000000000000e+01 -3.034202164703618010e+01 1.000000000000000021e-02
2.350000000000000000e+01 1.091837502591018350e+01 1.000000000000000021e-02
2.375000000000000000e+01 3.069565129126500835e+01 1.000000000000000021e-02
2.400000000000000000e+01 2.275266697280734363e+01 1.000000000000000021e-02
2.425000000000000000e+01 9.804638982004352243e+00 1.000000000000000021e-02
2.450000000000000000e+01 -1.988932430397582163e+00 1.000000000000000021e-02
2.475000000000000000e+01 -1.399350070585865957e+01 1.000000000000000021e-02
2.500000000000000000e+01 -2.492975943052357835e+01 1.000000000000000021e-02
2.525000000000000000e+01 -3.574968115827764592e+01 1.000000000000000021e-02
2.550000000000000000e+01 -4.795079998591656079e+01 1.000000000000000021e-02
2.575000000000000000e+01 -6.080104111636924813e+01 1.000000000000000021e-02
2.600000000000000000e+01 -7.051845963082463697e+01 1.000000000000000021e-02
2.625000000000000000e+01 -7.417990864493756931e+01 1.000000000000000021e-02
2.650000000000000000e+01 -7.545348821317173815e+01 1.000000000000000021e-02
2.675000000000000000e+01 -7.348909909095738158e+01 1.000000000000000021e-02
2.700000000000000000e+01 -7.377426988515544792e+01 1.000000000000000021e-02
2.725000000000000000e+01 -7.344717292901684402e+01 1.000000000000000021e-02
2.750000000000000000e+01 -7.304210658840324299e+01 1.000000000000000021e-02
2.775000000000000000e+01 -7.209829151858905050e+01 1.000000000000000021e-02
2.800000000000000000e+01 -7.221274048131495249e+01 1.000000000000000021e-02
2.825000000000000000e+01 -7.149484847985479519e+01 1.000000000000000021e-02
2.850000000000000000e+01 -7.167601513797899315e+01 1.000000000000000021e-02
2.875000000000000000e+01 -7.194643689198834124e+01 1.000000000000000021e-02
2.900000000000000000e+01 -6.966564028807454179e+01 1.000000000000000021e-02
2.925000000000000000e+01 -6.974714973300608278e+01 1.000000000000000021e-02
2.950000000000000000e+01 -6.849469771757172509e+01 1.000000000000000021e-02
2.975000000000000000e+01 -6.810276398458152869e+01 1.000000000000000021e-02
3.000000000000000000e+01 -6.753714844161790154e+01 1.000000000000000021e-02
3.025000000000000000e+01 -6.660008017949782300e+01 1.000000000000000021e-02
3.050000000000000000e+01 -6.571721642150220077e+01 1.000000000000000021e-02
3.075000000000000000e+01 -6.589280236190090534e+01 1.000000000000000021e-02
3.100000000000000000e+01 -6.523029064317400127e+01 1.000000000000000021e-02
3.125000000000000000e+01 -6.362159653697917605e+01 1.000000000000000021e-02
3.150000000000000000e+01 -6.392541240828045090e+01 1.000000000000000021e-02
3.175000000000000000e+01 -6.283027034342674000e+01 1.000000000000000021e-02
3.200000000000000000e+01 -6.227112518618406511e+01 1.000000000000000021e-02
3.225000000000000000e+01 -6.125848051103598380e+01 1.000000000000000021e-02
3.250000000000000000e+01 -6.015453326821648261e+01 1.000000000000000021e-02
3.275000000000000000e+01 -5.968909112254688409e+01 1.000000000000000021e-02
3.300000000000000000e+01 -5.831137800075386224e+01 1.000000000000000021e-02
3.325000000000000000e+01 -5.778668576614326469e+01 1.000000000000000021e-02
3.350000000000000000e+01 -5.663326363622885395e+01 1.000000000000000021e-02
3.375000000000000000e+01 -5.541172734831626912e+01 1.000000000000000021e-02
3.400000000000000000e+01 -5.310470578542592079e+01 1.000000000000000021e-02
3.425000000000000000e+01 -5.120491565727144945e+01 1.000000000000000021e-02
3.450000000000000000e+01 -4.724182893531859406e+01 1.000000000000000021e-02
3.475000000000000000e+01 -3.760712413306941215e+01 1.000000000000000021e-02
3.500000000000000000e+01 -7.856012455834955333e+00 1.000000000000000021e-02
3.525000000000000000e+01 3.086861592462789616e+01 1.000000000000000021e-02
3.550000000000000000e+01 2.683356921971900277e+01 1.000000000000000021e-02
3.575000000000000000e+01 1.493638677716631591e+01 1.000000000000000021e-02
3.600000000000000000e+01 2.256108587826984202e+00 1.000000000000000021e-02
3.625000000000000000e+01 -1.026449047602242892e+01 1.000000000000000021e-02
3.650000000000000000e+01 -2.210276309439003128e+01 1.000000000000000021e-02
3.675000000000000000e+01 -3.305239850848801098e+01 1.000000000000000021e-02
3.700000000000000000e+01 -4.217366497710460749e+01 1.000000000000000021e-02
3.725000000000000000e+01 -5.676521251374983734e+01 1.000000000000000021e-02
3.750000000000000000e+01 -7.015469350639340007e+01 1.000000000000000021e-02
3.775000000000000000e+01 -7.371322150631394265e+01 1.000000000000000021e-02
3.800000000000000000e+01 -7.425220426617650560e+01 1.000000000000000021e-02
3.825000000000000000e+01 -7.468385469957141254e+01 1.000000000000000021e-02
3.850000000000000000e+01 -7.327778108416735847e+01 1.000000000000000021e-02
3.875000000000000000e+01 -7.386650653954768586e+01 1.000000000000000021e-02
3.900000000000000000e+01 -7.391192896156405823e+01 1.000000000000000021e-02
3.925000000000000000e+01 -7.274228148031436092e+01 1.000000000000000021e-02
3.950000000000000000e+01 -7.173165573188950361e+01 1.000000000000000021e-02
3.975000000000000000e+01 -7.151971292779727207e+01 1.000000000000000021e-02
4.000000000000000000e+01 -7.133049380701103814e+01 1.000000000000000021e-02
4.025000000000000000e+01 -7.154123843531225191e+01 1.000000000000000021e-02
4.050000000000000000e+01 -6.909924410846056730e+01 1.000000000000000021e-02
4.075000000000000000e+01 -6.991719244439997283e+01 1.000000000000000021e-02
4.100000000000000000e+01 -6.979896563841960244e+01 1.000000000000000021e-02
4.125000000000000000e+01 -6.797547148343087997e+01 1.000000000000000021e-02
4.150000000000000000e+01 -6.805481679055435507e+01 1.000000000000000021e-02
4.175000000000000000e+01 -6.640821106086120551e+01 1.000000000000000021e-02
4.200000000000000000e+01 -6.670629182397819079e+01 1.000000000000000021e-02
4.225000000000000000e+01 -6.562818893239061424e+01 1.000000000000000021e-02
4.250000000000000000e+01 -6.546506272248518599e+01 1.000000000000000021e-02
4.275000000000000000e+01 -6.401125666388037416e+01 1.000000000000000021e-02
4.300000000000000000e+01 -6.376085081970914104e+01 1.000000000000000021e-02
4.325000000000000000e+01 -6.285446122907218580e+01 1.000000000000000021e-02
4.350000000000000000e+01 -6.161111498380319063e+01 1.000000000000000021e-02
4.375000000000000000e+01 -6.160722303751395401e+01 1.000000000000000021e-02
4.400000000000000000e+01 -6.070995622001007064e+01 1.000000000000000021e-02
4.425000000000000000e+01 -5.862523768892403098e+01 1.000000000000000021e-02
4.450000000000000000e+01 -5.858526420492686526e+01 1.000000000000000021e-02
4.475000000000000000e+01 -5.919825223472259523e+01 1.000000000000000021e-02
4.500000000000000000e+01 -5.659613923769380506e+01 1.000000000000000021e-02
4.525000000000000000e+01 -5.563451688383779725e+01 1.000000000000000021e-02
4.550000000000000000e+01 -5.384682554369894802e+01 1.000000000000000021e-02
4.575000000000000000e+01 -5.199784063392502986e+01 1.000000000000000021e-02
4.600000000000000000e+01 -4.805306732654303659e+01 1.000000000000000021e-02
4.625000000000000000e+01 -4.012967751461963672e+01 1.000000000000000021e-02
4.650000000000000000e+01 -1.865733652363108774e+01 1.000000000000000021e-02
4.675000000000000000e+01 2.638690938686889353e+01 1.000000000000000021e-02
4.700000000000000000e+01 2.970759155328683221e+01 1.000000000000000021e-02
4.725000000000000000e+01 1.756223080928861080e+01 1.000000000000000021e-02
4.750000000000000000e+01 5.109932965771346147e+00 1.000000000000000021e-02
4.775000000000000000e+01 -7.080502773103174441e+00 1.000000000000000021e-02
4.800000000000000000e+01 -1.790037891113529867e+01 1.000000000000000021e-02
4.825000000000000000e+01 -3.000782306873350791e+01 1.000000000000000021e-02
4.850000000000000000e+01 -4.117077244849140527e+01 1.000000000000000021e-02
4.875000000000000000e+01 -5.299817220331271272e+01 1.000000000000000021e-02
4.900000000000000000e+01 -6.644288839077262310e+01 1.000000000000000021e-02
4.925000000000000000e+01 -7.397768023444220375e+01 1.000000000000000021e-02
4.950000000000000000e+01 -7.483406951715259936e+01 1.000000000000000021e-02
4.975000000000000000e+01 -7.448870088487250030e+01 1.000000000000000021e-02
5.000000000000000000e+01 -7.384791584794041341e+01 1.000000000000000021e-02
5.025000000000000000e+01 -7.365255506065359725e+01 1.000000000000000021e-02
5.050000000000000000e+01 -7.409533138523141815e+01 1.000000000000000021e-02
5.075000000000000000e+01 -7.255803836380479765e+01 1.000000000000000021e-02
5.100000000000000000e+01 -7.135913568980821253e+01 1.000000000000000021e-02
5.125000000000000000e+01 -7.198034520740004893e+01 1.000000000000000021e-02
5.150000000000000000e+01 -7.122941813576780135e+01 1.000000000000000021e-02
5.175000000000000000e+01 -7.120714515918893994e+01 1.000000000000000021e-02
5.200000000000000000e+01 -6.963477412363738495e+01 1.000000000000000021e-02
5.225000000000000000e+01 -6.892618924895518262e+01 1.000000000000000021e-02
5.250000000000000000e+01 -6.886693570197729741e+01 1.000000000000000021e-02
5.275000000000000000e+01 -6.805386035042900517e+01 1.000000000000000021e-02
5.300000000000000000e+01 -6.807222716385874151e+01 1.000000000000000021e-02
5.325000000000000000e+01 -6.767951760070164369e+01 1.000000000000000021e-02
5.350000000000000000e+01 -6.592272728060478926e+01 1.000000000000000021e-02
5.375000000000000000e+01 -6.674808197553568334e+01 1.000000000000000021e-02
5.400000000000000000e+01 -6.401052344920948656e+01 1.000000000000000021e-02
5.425000000000000000e+01 -6.406393668507195116e+01 1.000000000000000021e-02
5.450000000000000000e+01 -6.400514157593576670e+01 1.000000000000000021e-02
5.475000000000000000e+01 -6.265821301553486222e+01 1.000000000000000021e-02
5.500000000000000000e+01 -6.162341943171048797e+01 1.000000000000000021e-02
5.525000000000000000e+01 -6.184071169057244788e+01 1.000000000000000021e-02
5.550000000000000000e+01 -6.030388081369885356e+01 1.000000000000000021e-02
5.575000000000000000e+01 -5.977406144505701491e+01 1.000000000000000021e-02
5.600000000000000000e+01 -5.898155247386187483e+01 1.000000000000000021e-02
5.625000000000000000e+01 -5.901132544117482581e+01 1.000000000000000021e-02
5.650000000000000000e+01 -5.677118308137725222e+01 1.000000000000000021e-02
5.675000000000000000e+01 -5.526264016677971824e+01 1.000000000000000021e-02
5.700000000000000000e+01 -5.449378051728867689e+01 1.000000000000000021e-02
5.725000000000000000e+01 -5.249975186979010289e+01 1.000000000000000021e-02
5.750000000000000000e+01 -4.983270207241285732e+01 1.000000000000000021e-02
5.775000000000000000e+01 -4.314550557032284672e+01 1.000000000000000021e-02
5.800000000000000000e+01 -2.653017215367463777e+01 1.000000000000000021e-02
5.825000000000000000e+01 1.665466379745536329e+01 1.000000000000000021e-02
5.850000000000000000e+01 3.064504482010656261e+01 1.000000000000000021e-02
5.875000000000000000e+01 2.070882313903754124e+01 1.000000000000000021e-02
5.900000000000000000e+01 7.412368938723846057e+00 1.000000000000000021e-02
5.925000000000000000e+01 -4.612511675587001925e+00 1.000000000000000021e-02
5.950000000000000000e+01 -1.700090637377430269e+01 1.000000000000000021e-02
5.975000000000000000e+01 -2.768294185626710302e+01 1.000000000000000021e-02
6.000000000000000000e+01 -3.727235308472775444e+01 1.000000000000000021e-02
6.025000000000000000e+01 -4.947992316134005364e+01 1.000000000000000021e-02
6.050000000000000000e+01 -6.435976355985351915e+01 1.000000000000000021e-02
6.075000000000000000e+01 -7.250372624468069205e+01 1.000000000000000021e-02
6.100000000000000000e+01 -7.438430949655740676e+01 1.000000000000000021e-02
6.125000000000000000e+01 -7.360846255342990219e+01 1.000000000000000021e-02
6.150000000000000000e+01 -7.408833210712602124e+01 1.000000000000000021e-02
6.175000000000000000e+01 -7.401747782048816759e+01 1.000000000000000021e-02
6.200000000000000000e+01 -7.329824908191109500e+01 1.000000000000000021e-02
6.225000000000000000e+01 -7.255128736386170374e+01 1.000000000000000021e-02
6.250000000000000000e+01 -7.270922792833034976e+01 1.000000000000000021e-02
6.275000000000000000e+01 -7.197548356575627793e+01 1.000000000000000021e-02
6.300000000000000000e+01 -7.157548244053266728e+01 1.000000000000000021e-02
6.325000000000000000e+01 -7.111278366753796831e+01 1.000000000000000021e-02
6.350000000000000000e+01 -7.090170176376911115e+01 1.000000000000000021e-02
6.375000000000000000e+01 -7.026901179238676320e+01 1.000000000000000021e-02
6.400000000000000000e+01 -6.951998857914550456e+01 1.000000000000000021e-02
6.425000000000000000e+01 -6.908321938676643015e+01 1.000000000000000021e-02
6.450000000000000000e+01 -6.767182414692733516e+01 1.000000000000000021e-02
6.475000000000000000e+01 -6.721591324132420198e+01 1.000000000000000021e-02
6.500000000000000000e+01 -6.635156164796049438e+01 1.000000000000000021e-02
6.525000000000000000e+01 -6.678256562672669361e+01 1.000000000000000021e-02
6.550000000000000000e+01 -6.512382145109280884e+01 1.000000000000000021e-02
6.575000000000000000e+01 -6.507211940762526581e+01 1.000000000000000021e-02
6.600000000000000000e+01 -6.402098660981343414e+01 1.000000000000000021e-02
6.625000000000000000e+01 -6.416484155253755262e+01 1.000000000000000021e-02
6.650000000000000000e+01 -6.215732166771765321e+01 1.000000000000000021e-02
6.675000000000000000e+01 -6.184473820726720561e+01 1.000000000000000021e-02
6.700000000000000000e+01 -6.066030154164474908e+01 1.000000000000000021e-02
6.725000000000000000e+01 -6.010107175507140909e+01 1.000000000000000021e-02
6.750000000000000000e+01 -5.964715996392678932e+01 1.000000000000000021e-02
6.775000000000000000e+01 -5.748113739053462012e+01 1.000000000000000021e-02
6.800000000000000000e+01 -5.757763875909608231e+01 1.000000000000000021e-02
6.825000000000000000e+01 -5.578236002758375633e+01 1.000000000000000021e-02
6.850000000000000000e+01 -5.514723488643218019e+01 1.000000000000000021e-02
6.875000000000000000e+01 -5.297763500028847972e+01 1.000000000000000021e-02
6.900000000000000000e+01 -5.014876198119023343e+01 1.000000000000000021e-02
6.925000000000000000e+01 -4.582737290794281648e+01 1.000000000000000021e-02
6.950000000000000000e+01 -3.353692726624043985e+01 1.000000000000000021e-02
6.975000000000000000e+01 4.379273157527102889e+00 1.000000000000000021e-02
7.000000000000000000e+01 3.154906087134528647e+01 1.000000000000000021e-02
7.025000000000000000e+01 2.480132485158329558e+01 1.000000000000000021e-02
7.050000000000000000e+01 1.134529188210637862e+01 1.000000000000000021e-02
7.075000000000000000e+01 -1.111373381152525042e+00 1.000000000000000021e-02
7.100000000000000000e+01 -1.322455700806403556e+01 1.000000000000000021e-02
7.125000000000000000e+01 -2.485540606717892231e+01 1.000000000000000021e-02
7.150000000000000000e+01 -3.578764605147217992e+01 1.000000000000000021e-02
7.175000000000000000e+01 -4.581112413008837336e+01 1.000000000000000021e-02
7.200000000000000000e+01 -5.983752934514998145e+01 1.000000000000000021e-02
7.225000000000000000e+01 -7.161160168448748209e+01 1.000000000000000021e-02
7.250000000000000000e+01 -7.441382803646087041e+01 1.000000000000000021e-02
7.275000000000000000e+01 -7.481693713824640213e+01 1.000000000000000021e-02
7.300000000000000000e+01 -7.444946734561824542e+01 1.000000000000000021e-02
7.325000000000000000e+01 -7.277870614584853115e+01 1.000000000000000021e-02
7.350000000000000000e+01 -7.342394661152339097e+01 1.000000000000000021e-02
7.375000000000000000e+01 -7.329348036618644358e+01 1.000000000000000021e-02
7.400000000000000000e+01 -7.314134458043405118e+01 1.000000000000000021e-02
7.425000000000000000e+01 -7.192251820122086770e+01 1.000000000000000021e-02
7.450000000000000000e+01 -7.149915956154936225e+01 1.000000000000000021e-02
7.475000000000000000e+01 -7.110596685989922605e+01 1.000000000000000021e-02
7.500000000000000000e+01 -7.094598535365345526e+01 1.000000000000000021e-02
7.525000000000000000e+01 -7.008042132010275793e+01 1.000000000000000021e-02
7.550000000000000000e+01 -6.921807484304289915e+01 1.000000000000000021e-02
7.575000000000000000e+01 -6.837210890270215202e+01 1.000000000000000021e-02
7.600000000000000000e+01 -6.792640456539612615e+01 1.000000000000000021e-02
7.625000000000000000e+01 -6.839469096190951802e+01 1.000000000000000021e-02
7.650000000000000000e+01 -6.705575901371312852e+01 1.000000000000000021e-02
7.675000000000000000e+01 -6.697065890507620622e+01 1.000000000000000021e-02
7.700000000000000000e+01 -6.468275898677444502e+01 1.000000000000000021e-02
7.725000000000000000e+01 -6.489936005947251374e+01 1.000000000000000021e-02
7.750000000000000000e+01 -6.350775547504363772e+01 1.000000000000000021e-02
7.775000000000000000e+01 -6.355642197346725197e+01 1.000000000000000021e-02
7.800000000000000000e+01 -6.205720668001282547e+01 1.000000000000000021e-02
7.825000000000000000e+01 -6.154138252181691371e+01 1.000000000000000021e-02
7.850000000000000000e+01 -6.064442301809988578e+01 1.000000000000000021e-02
7.875000000000000000e+01 -5.996036515454697025e+01 1.000000000000000021e-02
7.900000000000000000e+01 -6.049104181775854983e+01 1.000000000000000021e-02
7.925000000000000000e+01 -5.841812558446633830e+01 1.000000000000000021e-02
7.950000000000000000e+01 -5.754012767503726167e+01 1.000000000000000021e-02
7.975000000000000000e+01 -5.638642289862062285e+01 1.000000000000000021e-02
8.000000000000000000e+01 -5.643949978626918806e+01 1.000000000000000021e-02
8.025000000000000000e+01 -5.453156719305366096e+01 1.000000000000000021e-02
8.050000000000000000e+01 -5.145955734199606724e+01 1.000000000000000021e-02
8.075000000000000000e+01 -4.751038952309949082e+01 1.000000000000000021e-02
8.100000000000000000e+01 -3.773749126399819431e+01 1.000000000000000021e-02
8.125000000000000000e+01 -8.292678423736544957e+00 1.000000000000000021e-02
8.150000000000000000e+01 3.071044430111387058e+01 1.000000000000000021e-02
8.175000000000000000e+01 2.720617028020614470e+01 1.000000000000000021e-02
8.200000000000000000e+01 1.434728937328492471e+01 1.000000000000000021e-02
8.225000000000000000e+01 1.868376277178128042e+00 1.000000000000000021e-02
8.250000000000000000e+01 -1.113046644349165959e+01 1.000000000000000021e-02
8.275000000000000000e+01 -2.181305353935292146e+01 1.000000000000000021e-02
8.300000000000000000e+01 -3.189839930051482497e+01 1.000000000000000021e-02
8.325000000000000000e+01 -4.405211538640399027e+01 1.000000000000000021e-02
8.350000000000000000e+01 -5.648457009096059522e+01 1.000000000000000021e-02
8.375000000000000000e+01 -6.895626391667622102e+01 1.000000000000000021e-02
8.400000000000000000e+01 -7.346509133495698052e+01 1.000000000000000021e-02
8.425000000000000000e+01 -7.416952098066997223e+01 1.000000000000000021e-02
8.450000000000000000e+01 -7.411116716983671893e+01 1.000000000000000021e-02
8.475000000000000000e+01 -7.409394803954646136e+01 1.000000000000000021e-02
8.500000000000000000e+01 -7.386782766113637422e+01 1.000000000000000021e-02
8.525000000000000000e+01 -7.367747938418575870e+01 1.000000000000000021e-02
8.550000000000000000e+01 -7.271791804528747605e+01 1.000000000000000021e-02
8.575000000000000000e+01 -7.206999315065485234e+01 1.000000000000000021e-02
8.600000000000000000e+01 -7.229154078519866289e+01 1.000000000000000021e-02
8.625000000000000000e+01 -6.984853537359865072e+01 1.000000000000000021e-02
8.650000000000000000e+01 -7.045121560726933296e+01 1.000000000000000021e-02
8.675000000000000000e+01 -6.956341763548782353e+01 1.000000000000000021e-02
8.700000000000000000e+01 -6.980929451325108914e+01 1.000000000000000021e-02
8.725000000000000000e+01 -6.862174657989447724e+01 1.000000000000000021e-02
8.750000000000000000e+01 -6.766427355570381508e+01 1.000000000000000021e-02
8.775000000000000000e+01 -6.835259907704885052e+01 1.000000000000000021e-02
8.800000000000000000e+01 -6.744635439481831440e+01 1.000000000000000021e-02
8.825000000000000000e+01 -6.688537788045884724e+01 1.000000000000000021e-02
8.850000000000000000e+01 -6.539838192066470413e+01 1.000000000000000021e-02
8.875000000000000000e+01 -6.446206793005875113e+01 1.000000000000000021e-02
8.900000000000000000e+01 -6.374820682573497521e+01 1.000000000000000021e-02
8.925000000000000000e+01 -6.269669879491215170e+01 1.000000000000000021e-02
8.950000000000000000e+01 -6.298084608049706645e+01 1.000000000000000021e-02
8.975000000000000000e+01 -6.235922761755483634e+01 1.000000000000000021e-02
9.000000000000000000e+01 -6.121265058869683884e+01 0.000000000000000000e+00
9.025000000000000000e+01 -6.408270382428244716e+01 0.000000000000000000e+00
9.050000000000000000e+01 -6.763721424397023441e+01 0.000000000000000000e+00
9.075000000000000000e+01 -6.731829498535199718e+01 0.000000000000000000e+00
9.100000000000000000e+01 -6.930748622403586978e+01 0.000000000000000000e+00
9.125000000000000000e+01 -6.927741293599258654e+01 0.000000000000000000e+00
9.150000000000000000e+01 -7.078619146886121882e+01 0.000000000000000000e+00
9.175000000000000000e+01 -7.212056456414822492e+01 0.000000000000000000e+00
9.200000000000000000e+01 -7.215089740045243616e+01 0.000000000000000000e+00
9.225000000000000000e+01 -7.242891889142602224e+01 0.000000000000000000e+00
9.250000000000000000e+01 -7.213245155032535649e+01 0.000000000000000000e+00
9.275000000000000000e+01 -7.195266996096123080e+01 0.000000000000000000e+00
9.300000000000000000e+01 -7.204347368722584122e+01 0.000000000000000000e+00
9.325000000000000000e+01 -7.173965610087827827e+01 0.000000000000000000e+00
9.350000000000000000e+01 -7.302333565396848769e+01 0.000000000000000000e+00
9.375000000000000000e+01 -7.267392179587363898e+01 0.000000000000000000e+00
9.400000000000000000e+01 -7.248758794667941174e+01 0.000000000000000000e+00
9.425000000000000000e+01 -7.168724520221570629e+01 0.000000000000000000e+00
9.450000000000000000e+01 -7.229842357538134934e+01 0.000000000000000000e+00
9.475000000000000000e+01 -7.279822084087821565e+01 0.000000000000000000e+00
9.500000000000000000e+01 -7.145313184287310548e+01 0.000000000000000000e+00
9.525000000000000000e+01 -7.153252384795811736e+01 0.000000000000000000e+00
9.550000000000000000e+01 -7.154432430978710045e+01 0.000000000000000000e+00
9.575000000000000000e+01 -7.117325311948881961e+01 0.000000000000000000e+00
9.600000000000000000e+01 -7.180597347869439773e+01 0.000000000000000000e+00
9.625000000000000000e+01 -7.129932926816647409e+01 0.000000000000000000e+00
9.650000000000000000e+01 -7.124054651020841789e+01 0.000000000000000000e+00
9.675000000000000000e+01 -7.068892379113967195e+01 0.000000000000000000e+00
9.700000000000000000e+01 -7.100926723224522163e+01 0.000000000000000000e+00
9.725000000000000000e+01 -7.116241092469580565e+01 0.000000000000000000e+00
9.750000000000000000e+01 -7.038061669055565517e+01 0.000000000000000000e+00
9.775000000000000000e+01 -7.091238441020024652e+01 0.000000000000000000e+00
9.800000000000000000e+01 -7.083345255754107939e+01 0.000000000000000000e+00
9.825000000000000000e+01 -7.002120188135621959e+01 0.000000000000000000e+00
9.850000000000000000e+01 -7.036235820155036436e+01 0.000000000000000000e+00
9.875000000000000000e+01 -6.902286132498861093e+01 0.000000000000000000e+00
9.900000000000000000e+01 -6.984296268884277481e+01 0.000000000000000000e+00
9.925000000000000000e+01 -7.017388602435609357e+01 0.000000000000000000e+00
9.950000000000000000e+01 -6.922673213381128221e+01 0.000000000000000000e+00
9.975000000000000000e+01 -6.949917620853423728e+01 0.000000000000000000e+00
